,Title,Author,Reviewer,Review Date,Date and Time
0,17 Carnations,Andrew Morton,C. Peter Chen,26 Apr 2017,2017-04-26 0:00:00
1,1945: A Novel,Robert Conroy,Andrew Nguyen,26 Aug 2016,2016-08-26 0:00:00
2,A Better Comrade You Will Never Find,Helmut Schiebel,Dan K.,30 Oct 2011,2011-10-30 0:00:00
3,A Blue Sea of Blood: Deciphering the Mysterio... *,,Anthony Tully,27 Mar 2009,
4,A Bridge Too Far,Cornelius Ryan,Bryan Hiatt,3 Jun 2006,2006-06-03 0:00:00
5,A Foot Soldier for Patton,Michael Bilder with James Bilder,C. Peter Chen,1 Oct 2014,2014-10-01 0:00:00
6,A Game for Heroes,Jack Higgins,C. Peter Chen,28 Aug 2012,2012-08-28 0:00:00
7,A Higher Call,Adam Makos with Larry Alexander,C. Peter Chen,4 Sep 2013,2013-09-04 0:00:00
8,A Lamb to Slaughter,Jan Montyn & Dirk Ayelt Kooiman,Dan K.,20 Oct 2012,2012-10-20 0:00:00
9,A Lucky Child: A Memoir of Surviving Auschwitz as a Young Boy,Thomas Buergenthal,C. Peter Chen,24 Dec 2013,2013-12-24 0:00:00
10,A Mighty Fortress: Lead Bomber Over Europe,Charles Alling,David Stubblebine,26 Aug 2015,2015-08-26 0:00:00
11,A Special Mission,Dan Kurzman,C. Peter Chen,17 Jun 2015,2015-06-17 0:00:00
12,A Train in Winter,Caroline Moorehead,C. Peter Chen,17 Apr 2013,2013-04-17 0:00:00
13,"Abundance of Valor: Resistance, Survival, and Liberation: 1944-45",Will Irwin,C. Peter Chen,11 Jan 2017,2017-01-11 0:00:00
14,Aces of the Republic of China Air Force,Raymond Cheung,C. Peter Chen,20 Apr 2016,2016-04-20 0:00:00
15,Advance Force Pearl Harbor,Burl Burlingame,David Stubblebine,21 Jan 2014,2014-01-21 0:00:00
16,"Agent Zigzag: A True Story of Nazi Espionage, Love, and Betrayal",Ben Macintyre,C. Peter Chen,8 Apr 2015,2015-04-08 0:00:00
17,Alamein: War Without Hate,John Bierman & Colin Smith,Andrew Nguyen,8 Jan 2010,2010-01-08 0:00:00
18,All the Way to Berlin,James Megellas,Bryan Hiatt,13 Apr 2005,2005-04-13 0:00:00
19,Always Faithful,Eric Hammel,C. Peter Chen,4 Nov 2011,2011-11-04 0:00:00
20,America's Fighting Admirals *,,Bob Hackett,Jan 2008,
21,American Aces Against the Kamikaze,Edward Young,C. Peter Chen,6 Mar 2013,2013-03-06 0:00:00
22,American Caesar: Douglas MacArthur 1880-1964,William Manchester,C. Peter Chen,7 Aug 2005,2005-08-07 0:00:00
23,American Nightfighter Aces of World War 2,Andrew Thomas & Warren Thompson,David Stubblebine,10 Oct 2008,2008-10-10 0:00:00
24,American Prometheus,Kai Bird and Martin J. Sherwin,C. Peter Chen,20 Jan 2016,2016-01-20 0:00:00
25,Americans in Paris,Charles Glass,C. Peter Chen,31 Mar 2012,2012-03-31 0:00:00
26,An Army at Dawn,Rick Atkinson,C. Peter Chen,2 Jul 2014,2014-07-02 0:00:00
27,An Artilleryman in Stalingrad,Dr. Wigand Wuster,Dan K.,18 Apr 2008,2008-04-18 0:00:00
28,Anne Frank Remembered,Miep Gies and Alison Leslie Gold,C. Peter Chen,12 Jun 2011,2011-06-12 0:00:00
29,Anne Frank's Tales from the Secret Annex,Anne Frank,C. Peter Chen,22 May 2012,2012-05-22 0:00:00
30,Apt Pupil,Stephen King,C. Peter Chen,23 Mar 2018,2018-03-23 0:00:00
31,Armageddon in Retrospect,Kurt Vonnegut,C. Peter Chen,6 Feb 2012,2012-02-06 0:00:00
32,Armchair Reader World War II,n/a,C. Peter Chen,8 Dec 2007,2007-12-08 0:00:00
33,Army of Evil: A History of the SS,Adrian Weale,C. Peter Chen,4 Jun 2014,2014-06-04 0:00:00
34,At Dawn We Slept *,,Andrew Nguyen,Jul 2009,
35,"At War on the Gothic Line: Fighting in Italy, 1944-45",Christian Jennings,John Radzilowski,12 Oct 2016,2016-10-12 0:00:00
36,Atlas of the Eastern Front 1941-45,Robert Kirchubel with Gary Komar,C. Peter Chen,24 Feb 2016,2016-02-24 0:00:00
37,Atlas of World War II,Stephen Hyslop and Neil Kagan,C. Peter Chen,8 Dec 2018,2018-12-08 0:00:00
38,Autobiography of a World War Two Tailhooker,Don Monson,David Stubblebine,18 Jun 2014,2014-06-18 0:00:00
39,B-29 Superfortress: A Comprehensive Registry of the Planes and Their Missions,Robert A. Mann,David Stubblebine,20 Jun 2018,2018-06-20 0:00:00
40,Band of Brothers,Stephen E. Ambrose,C. Peter Chen,23 Jan 2005,2005-01-23 0:00:00
41,Barbarossa & the Retreat to Moscow,Artem Drabkin,Dan K.,22 Apr 2008,2008-04-22 0:00:00
42,Battleground Pacific: A Marine Riflemanâs C... *,,Bryan Hiatt,30 Aug 2012,
43,Becoming Hitler: The Making of a Nazi,Thomas Weber,C. Peter Chen,9 Sep 2019,2019-09-09 0:00:00
44,Before Stalingrad,David M. Glantz,Andrew Nguyen,16 Sep 2009,2009-09-16 0:00:00
45,Behind Hitler's Lines,Thomas H. Taylor,Bryan Hiatt,15 Apr 2005,2005-04-15 0:00:00
46,Berlin Diary,William Shirer,C. Peter Chen,25 Dec 2012,2012-12-25 0:00:00
47,Besieged: The Epic Battle for Cholm,Jason D. Mark,Dan K.,30 Oct 2012,2012-10-30 0:00:00
48,Beyond Band of Brothers,Dick Winters,C. Peter Chen,21 Nov 2011,2011-11-21 0:00:00
49,Black Earth: The Holocaust as History and Warning,Timothy Snyder,C. Peter Chen,7 May 2018,2018-05-07 0:00:00
50,Bloodlands: Europe Between Hitler and Stalin,Timothy Snyder,C. Peter Chen,21 May 2014,2014-05-21 0:00:00
51,Blue Division Soldier 1941-45,C. Caballero Jurado,C. Peter Chen,9 Jan 2010,2010-01-09 0:00:00
52,Bomb,Steve Sheinkin,C. Peter Chen,5 Feb 2014,2014-02-05 0:00:00
53,Bomber County: The Lost Airmen of World War Two,Daniel Swift,C. Peter Chen,5 Feb 2011,2011-02-05 0:00:00
54,Bomber County: The Lost Airmen of World War Two,Daniel Swift,Bryan Hiatt,17 Dec 2011,2011-12-17 0:00:00
55,Bombing Nazi Germany,Wayne Vansant,C. Peter Chen,18 Oct 2013,2013-10-18 0:00:00
56,"Bonhoeffer: Pastor, Martyr, Prophet, Spy",Eric Metaxas,C. Peter Chen,15 Mar 2017,2017-03-15 0:00:00
57,Breaking the Silence: Reminiscences of a Hidden Child,Paul A. Schwarzbart,David Stubblebine,25 Jun 2014,2014-06-25 0:00:00
58,British Army Cap Badges of the Second World War,Peter Doyle and Chris Foster,C. Peter Chen,9 Feb 2012,2012-02-09 0:00:00
59,British Paratrooper versus FallschirmjÃ¤ger: Mediterranean 1942-43,David Greentree,C. Peter Chen,22 Oct 2013,2013-10-22 0:00:00
60,Brothers in Arms,Kareem Abdul-Jabbar and Anthony Walton,C. Peter Chen,21 Feb 2011,2011-02-21 0:00:00
61,"Brothers in Battle, Best of Friends",William Guarnere and Edward Heffron with Robyn Post,C. Peter Chen,11 Mar 2013,2013-03-11 0:00:00
62,"Brothers, Rivals, Victors",Jonathan Jordan,C. Peter Chen,28 Nov 2012,2012-11-28 0:00:00
63,Buddies: Heartwarming Photos of GIs and Their Dogs in World War II,L. Douglas Keeney,C. Peter Chen,27 Jan 2016,2016-01-27 0:00:00
64,Carrier Warfare in the Pacific,E. T. Wooldridge,David Stubblebine,8 Jun 2017,2017-06-08 0:00:00
65,"Chesty: The Story of Lieutenant General Lewis B. Puller, USMC",Jon T. Hoffman,David Stubblebine,24 Feb 2013,2013-02-24 0:00:00
66,China's Wars: Rousing the Dragon 1894-1949,Philip Jowett,C. Peter Chen,6 Dec 2013,2013-12-06 0:00:00
67,China's World War II 1937-1945: Forgotten Ally,Rana Mitter,Andrew Nguyen,13 May 2015,2015-05-13 0:00:00
68,Churchill,Paul Johnson,C. Peter Chen,12 Jun 2012,2012-06-12 0:00:00
69,Churchill and Orwell: The Fight for Freedom,Thomas Ricks,C. Peter Chen,29 Oct 2018,2018-10-29 0:00:00
70,"Churchill: A Life, Part 1",Martin Gilbert,C. Peter Chen,10 Aug 2016,2016-08-10 0:00:00
71,Citizens of London,Lynne Olson,C. Peter Chen,29 Aug 2011,2011-08-29 0:00:00
72,Clash of the Carriers *,,Andrew Nguyen,Jul 2009,
73,Code Talker,Chester Nez and Judith Schiess Avila,C. Peter Chen,3 Jul 2012,2012-07-03 0:00:00
74,Colditz: Oflag IV-C,Michael McNally,C. Peter Chen,28 Apr 2012,2012-04-28 0:00:00
75,Commander of the Exodus,Yoram Kaniuk,C. Peter Chen,19 Aug 2015,2015-08-19 0:00:00
76,Cost of Courage,Charles Kaiser,C. Peter Chen,20 Apr 2018,2018-04-20 0:00:00
77,Counterfeiter,Moritz Nachtstern and Ragnar Arntzen,C. Peter Chen,1 Nov 2008,2008-11-01 0:00:00
78,Crack! and Thump,Charles Scheffel,C. Peter Chen,19 May 2007,2007-05-19 0:00:00
79,Crossing the Line: A Bluejacketâs World War II Odyssey,Alvin Kernan,David Stubblebine,3 Mar 2012,2012-03-03 0:00:00
80,Crusade in Europe,Dwight D. Eisenhower,C. Peter Chen,30 Oct 2005,2005-10-30 0:00:00
81,Cultures of War,John W. Dower,C. Peter Chen,22 Apr 2015,2015-04-22 0:00:00
82,Currahee! A Screaming Eagle at Normandy,Donald R. Burgett,Bryan Hiatt,1 Jun 2005,2005-06-01 0:00:00
83,Curtiss P-40,Carl Molesworth,C. Peter Chen,16 Mar 2014,2014-03-16 0:00:00
84,D-Day: 24 Hours That Saved the World,Editors of TIME,C. Peter Chen,30 Dec 2004,2004-12-30 0:00:00
85,Daniel's Story,Carol Matas,C. Peter Chen,22 Oct 2014,2014-10-22 0:00:00
86,Darkest Hour,Bruce Gamble,C. Peter Chen,19 Feb 2007,2007-02-19 0:00:00
87,Darwin's Submarine I-124 *,,Bob Hackett,7 Nov 2011,
88,Deathride,John Mosier,C. Peter Chen,13 Jul 2010,2010-07-13 0:00:00
89,Defense of the Third Reich 1941-45,Steven Zaloga,C. Peter Chen,17 Sep 2013,2013-09-17 0:00:00
90,Defiance: The Bielski Partisans,Nechama Tec,C. Peter Chen,28 Feb 2011,2011-02-28 0:00:00
91,Demyansk 1942-43,Robert Forczyk,Andrew Nguyen,20 Aug 2014,2014-08-20 0:00:00
92,Doing Battle,Paul Fussell,Bryan Hiatt,4 Sep 2005,2005-09-04 0:00:00
93,"Don't Give Up, Don't Give In: Lessons from an Extraordinary Life",Louis Zamperini and David Rensin,C. Peter Chen,30 Nov 2016,2016-11-30 0:00:00
94,Double Cross: The True Story of the D-Day Spies,Ben Macintyre,C. Peter Chen,14 Aug 2013,2013-08-14 0:00:00
95,Easy Company Soldier,Don Malarkey Bob Welch,C. Peter Chen,28 Jan 2015,2015-01-28 0:00:00
96,Eichmann in Jerusalem,Hannah Arendt,C. Peter Chen,12 Nov 2013,2013-11-12 0:00:00
97,Eisenhower,John Wukovits,C. Peter Chen,3 Jan 2011,2011-01-03 0:00:00
98,Eisenhower's Armies,Niall Barr,C. Peter Chen,12 Jan 2018,2018-01-12 0:00:00
99,Empires in the Balance *,,Craig Burke,Apr 2000,
100,End of Empire,"David Chandler, et. al.",C. Peter Chen,19 Jul 2019,2019-07-19 0:00:00
101,Enterprise,Barrett Tillman,C. Peter Chen,5 Feb 2013,2013-02-05 0:00:00
102,Erwin Rommel,Pier Paolo Battistelli,C. Peter Chen,29 Sep 2010,2010-09-29 0:00:00
103,Escape from the Deep,Alex Kershaw,C. Peter Chen,25 Dec 2010,2010-12-25 0:00:00
104,Escort Carrier WW II,Rick Cline,David Stubblebine,25 Nov 2008,2008-11-25 0:00:00
105,Evacuees of the Second World War,Mike Brown,C. Peter Chen,11 Nov 2009,2009-11-11 0:00:00
106,Everyone Brave is Forgiven,Chris Cleave,C. Peter Chen,14 Jun 2017,2017-06-14 0:00:00
107,Extraordinary Heroes,Ruth Sheppard,C. Peter Chen,20 Feb 2011,2011-02-20 0:00:00
108,F4F Wildcat vs. A6M Zero-sen,Edward M. Young,Andrew Nguyen,3 Aug 2016,2016-08-03 0:00:00
109,F6F Hellcat vs A6M Zero-sen,Edward M. Young,Andrew Nguyen,11 Nov 2015,2015-11-11 0:00:00
110,Fairbairn-Sykes Commando Dagger,Leroy Thompson,C. Peter Chen,25 Mar 2011,2011-03-25 0:00:00
111,Fearsome Battle,Robert Rogge,C. Peter Chen,31 May 2007,2007-05-31 0:00:00
112,Fighting Hitler's Jets,Robert Dorr,C. Peter Chen,2 Jun 2014,2014-06-02 0:00:00
113,Final Victory: FDR's Extraordinary World War II Presidential Campaign,Stanley Weintraub,C. Peter Chen,22 May 2013,2013-05-22 0:00:00
114,Flags of Our Fathers,James Bradley and Ron Powers,C. Peter Chen,22 Sep 2006,2006-09-22 0:00:00
115,Flat-Bottom Odyssey: From North Africa to D-Day,Gene Jaeger,C. Peter Chen,12 Jan 2013,2013-01-12 0:00:00
116,Flyboys: A True Story of Courage,James Bradley,David Stubblebine,7 Jul 2008,2008-07-07 0:00:00
117,Fogg in the Cockpit,Richard Fogg and Janet Fogg,C. Peter Chen,11 May 2012,2012-05-11 0:00:00
118,Forgotten,Linda Hervieux,C. Peter Chen,6 Apr 2018,2018-04-06 0:00:00
119,Forgotten Sacrifice,Michael Walling,C. Peter Chen,2 Oct 2012,2012-10-02 0:00:00
120,Fortress Rabaul,Bruce Gamble,C. Peter Chen,11 Sep 2012,2012-09-11 0:00:00
121,Fragments of Isabella: A Memoir of Auschwitz,Isabella Leitner,C. Peter Chen,12 Sep 2018,2018-09-12 0:00:00
122,France 1940,Alan Shepperd,Andrew Nguyen,5 Sep 2009,2009-09-05 0:00:00
123,Franklin and Eleanor: An Extraordinary Marriage,Hazel Rowley,C. Peter Chen,30 Jul 2014,2014-07-30 0:00:00
124,Franklin and Lucy,Joseph Persico,C. Peter Chen,19 Feb 2013,2013-02-19 0:00:00
125,Franklin and Winston: An Intimate Portrait of an Epic Friendship,Jon Meacham,C. Peter Chen,27 Jun 2011,2011-06-27 0:00:00
126,Frantic 7,John Radzilowski and Jerzy SzczeÅniak,C. Peter Chen,2 Oct 2020,2020-10-02 0:00:00
127,"Freedom from Fear: The American People in Depression and War, 1929-1945",David Kennedy,C. Peter Chen,24 Sep 2014,2014-09-24 0:00:00
128,Frozen in Time,Mitchell Zuckoff,C. Peter Chen,17 Dec 2013,2013-12-17 0:00:00
129,FUBAR: Soldier Slang of World War II,Gordon L. Rottman,C. Peter Chen,15 Dec 2009,2009-12-15 0:00:00
130,German Infantry in WWII (Order of Battle),Chris Bishop,C. Peter Chen,30 Jun 2008,2008-06-30 0:00:00
131,German Infantryman vs Soviet Rifleman: Barbarossa 1941,David Campbell,Andrew Nguyen,25 Nov 2015,2015-11-25 0:00:00
132,German Panzers in WWII (Order of Battle),Chris Bishop,C. Peter Chen,22 Jan 2008,2008-01-22 0:00:00
133,German V-Weapon Sites 1943-45,Steven Zaloga,C. Peter Chen,28 Jan 2008,2008-01-28 0:00:00
134,Ghost Soldiers,Hampton Sides,C. Peter Chen,3 Nov 2010,2010-11-03 0:00:00
135,GI Brides: The Wartime Girls Who Crossed the Atlantic for Love,Duncan Barrett and Nuala Calvi,C. Peter Chen,26 Oct 2016,2016-10-26 0:00:00
136,GI Joe,David Breger,Bryan Hiatt,23 May 2006,2006-05-23 0:00:00
137,"God, Honor, Fatherland",Thomas McGuirl and Remy Spezzano,Thomas Houlihan,22 Mar 2007,2007-03-22 0:00:00
138,"Goodbye, Darkness: A Memoir of the Pacific War",William Manchester,C. Peter Chen,11 Apr 2006,2006-04-11 0:00:00
139,"Goodbye, Darkness: A Memoir of the Pacific War",William Manchester,Jimmy Lebel,30 Jul 2010,2010-07-30 0:00:00
140,Graf & Grislawski: A Pair of Aces,Christer Bergstrom,Dan K.,8 Aug 2009,2009-08-08 0:00:00
141,Griffon Spitfire Aces,Andrew Thomas,C. Peter Chen,16 Apr 2008,2008-04-16 0:00:00
142,Guadalcanal: The U. S. Marines in World War II,Eric Hammel,C. Peter Chen,13 Aug 2007,2007-08-13 0:00:00
143,Hanns and Rudolf,Thomas Harding,C. Peter Chen,30 Dec 2015,2015-12-30 0:00:00
144,Hawker Hurricane Mk I-V,Martyn Chorlton,C. Peter Chen,10 Mar 2013,2013-03-10 0:00:00
145,He 111 Kampfgeschwader on the Russian Front,John Weal,C. Peter Chen,11 May 2015,2015-05-11 0:00:00
146,Hell Above Earth,Stephen Frater,C. Peter Chen,21 Jul 2012,2012-07-21 0:00:00
147,Hell Hawks!,Robert F. Dorr and Thomas D. Jones,C. Peter Chen,22 Sep 2008,2008-09-22 0:00:00
148,Hell in the Pacific: A Marine Rifleman's Journey From Guadalcanal to Peleliu,Jim McEnery with Bill Sloan,C. Peter Chen,16 Jun 2012,2012-06-16 0:00:00
149,Hell's Highway,George Koskimaki,Bryan Hiatt,5 Aug 2005,2005-08-05 0:00:00
150,Helmet for My Pillow,Robert Leckie,C. Peter Chen,24 Apr 2010,2010-04-24 0:00:00
151,Helmet for My Pillow,Robert Leckie,Jimmy Lebel,1 Sep 2010,2010-09-01 0:00:00
152,Hemingway's France: Images of the Lost Generation,Winston S. Conrad,C. Peter Chen,19 Jun 2012,2012-06-19 0:00:00
153,Hero of the Pacific: The Life of Legendary Marine John Basilone,James Brady,C. Peter Chen,7 Jan 2015,2015-01-07 0:00:00
154,Heroes or Traitors,"Walter S. Dunn, Jr.",Thomas Houlihan,26 Mar 2007,2007-03-26 0:00:00
155,Hidden Figures,Margot Lee Shetterly,C. Peter Chen,23 Feb 2018,2018-02-23 0:00:00
156,Hitler Youth: Growing Up in Hitler's Shadow,Susan Campbell Bartoletti,C. Peter Chen,4 Mar 2015,2015-03-04 0:00:00
157,Hitler's Arctic War,Chris Mann and Christer Jorgensen,Thomas Houlihan,22 Jul 2003,2003-07-22 0:00:00
158,Hitler's Army,David Stone,C. Peter Chen,13 Dec 2009,2009-12-13 0:00:00
159,Hitler's Furies: German Women in the Nazi Killing Fields,Wendy Lower,C. Peter Chen,2 Dec 2015,2015-12-02 0:00:00
160,Hitler's Holy Relics,Sidney Kirkpatrick,C. Peter Chen,5 Sep 2011,2011-09-05 0:00:00
161,Hitler's Last Witness: The Memoirs of Hitler's Bodyguard,Rochus Misch,C. Peter Chen,1 Apr 2015,2015-04-01 0:00:00
162,Hitler's Master of the Dark Arts,Bill Yenne,C. Peter Chen,1 Oct 2013,2013-10-01 0:00:00
163,Hitler's Rockets: The Story of the V-2s,Norman Longmate,Morgan Bell,19 Jan 2005,2005-01-19 0:00:00
164,Hitler's Rockets: The Story of the V-2s,Norman Longmate,C. Peter Chen,1 Mar 2010,2010-03-01 0:00:00
165,Honor Untarnished,Donald Bennett,C. Peter Chen,1 Jan 2006,2006-01-01 0:00:00
166,Humber Light Reconnaissance Car 1941-45,Richard Doherty,C. Peter Chen,27 Mar 2011,2011-03-27 0:00:00
167,Hunting Eichmann,Neal Bascomb,C. Peter Chen,8 Oct 2010,2010-10-08 0:00:00
168,Hunting Evil,Guy Walters,C. Peter Chen,5 Nov 2014,2014-11-05 0:00:00
169,Imperial Japanese Navy Aces 1937-1945 *,,Craig Burke,Jan 1999,
170,Imperial Japanese Navy Aircraft Carriers 1921... *,,Andrew Nguyen,Jul 2009,
171,Imperial Japanese Navy Battleships 1941-45,Mark Stille,C. Peter Chen,1 Aug 2008,2008-08-01 0:00:00
172,Imperial War Museum: HMS Belfast,N/A,Andrew Nguyen,18 Feb 2010,2010-02-18 0:00:00
173,In Final Defense of the Reich,Stephen M. Rusiecki,Thomas Houlihan,1 Nov 2010,2010-11-01 0:00:00
174,In Harm's Way,Doug Stanton,C. Peter Chen,20 Aug 2005,2005-08-20 0:00:00
175,In the Garden of Beasts,Erik Larson,C. Peter Chen,24 Jul 2012,2012-07-24 0:00:00
176,In the Service of the Reich,Walter GÃ¶rlitz,C. Peter Chen,14 May 2006,2006-05-14 0:00:00
177,In Time Of War: Hitler's Terrorist Attack On America,Pierce O'Donnell,C. Peter Chen,11 Mar 2015,2015-03-11 0:00:00
178,Inferno,Joseph A. Springer,C. Peter Chen,14 Nov 2007,2007-11-14 0:00:00
179,"Inferno: The Devastation of Hamburg, 1943",Keith Lowe,C. Peter Chen,10 Apr 2008,2008-04-10 0:00:00
180,Into the Mountains Dark,Franklin L. Gurley,Thomas Houlihan,12 May 2007,2007-05-12 0:00:00
181,Is Paris Burning?,Larry Collins and Dominique Lapierre,Dan K.,18 May 2008,2008-05-18 0:00:00
182,Is Paris Burning?,Larry Collins and Dominique Lapierre,C. Peter Chen,23 Mar 2016,2016-03-23 0:00:00
183,Isaac's Army,Mathew Brzezinski,C. Peter Chen,21 Jan 2015,2015-01-21 0:00:00
184,Italian Blackshirt 1935-1945,Piero Crociani and Pier Paolo Battistelli,C. Peter Chen,23 May 2010,2010-05-23 0:00:00
185,Italian Navy & Air Force Elite Units & Special Forces 1940-45,Piero Crociani,C. Peter Chen,26 Apr 2013,2013-04-26 0:00:00
186,Ivan's War,Catherine Merridale,Dan K.,8 Apr 2008,2008-04-08 0:00:00
187,Jagdpanther vs SU-100,David R. Higgins,Andrew Nguyen,17 Sep 2014,2014-09-17 0:00:00
188,Japan 1941: Countdown to Infamy,Eri Hotta,C. Peter Chen,9 Jul 2014,2014-07-09 0:00:00
189,Japan 1941: Countdown to Infamy,Eri Hotta,Andrew Nguyen,29 Apr 2015,2015-04-29 0:00:00
190,Japan 1945: From Operation Downfall to Hiroshima and Nagasaki,Clayton K. S. Chun,David Stubblebine,23 Jan 2010,2010-01-23 0:00:00
191,Japan's Longest Day,The Pacific War Research Society,Andrew Nguyen,29 Jun 2016,2016-06-29 0:00:00
192,Japanese Cruisers of the Pacific War *,,Anthony P. Tully,May 1998,
193,Japanese Intelligence in World War II,Ken Kotani,C. Peter Chen,5 Aug 2009,2009-08-05 0:00:00
194,Joe Rochefort's War,Elliot Carlson,C. Peter Chen,18 Aug 2012,2012-08-18 0:00:00
195,Jungvolk,Wilhelm Gehlen & Don Gregory,Dan K.,16 Aug 2009,2009-08-16 0:00:00
196,"Kaigun: Strategy, Tactics, and Technology in ... *",,,Jan 1998,
197,Kaiten: Japan's Secret Manned Suicide Submarine and the First American First Ship It Sank,Michael Mair and Joy Waldron,David Stubblebine,7 Jan 2016,2016-01-07 0:00:00
198,Kamikaze: Japanese Special Attack Weapons 1944-45,Steven Zaloga,C. Peter Chen,27 Jul 2011,2011-07-27 0:00:00
199,Kharkov 1942,Robert Forczyk,Andrew Nguyen,27 Aug 2014,2014-08-27 0:00:00
200,Killing Patton,Bill O'Reilly and Martin Dugard,C. Peter Chen,10 Feb 2016,2016-02-10 0:00:00
201,Killing the Rising Sun,Bill O'Reilly and Martin Dugard,C. Peter Chen,6 Oct 2017,2017-10-06 0:00:00
202,King Tiger vs IS-2,David R. Higgins,Andrew Nguyen,3 Sep 2014,2014-09-03 0:00:00
203,Kursk 1943: The Northern Front,Robert Forczyk,Andrew Nguyen,9 Dec 2015,2015-12-09 0:00:00
204,"Landing Craft, Infantry and Fire Support",Gordon L. Rottman,C. Peter Chen,3 Nov 2009,2009-11-03 0:00:00
205,Letters from Nuremberg,Christopher Dodd and Lary Bloom,C. Peter Chen,12 Feb 2013,2013-02-12 0:00:00
206,Lost in Shangri-La,Mitchell Zuckoff,C. Peter Chen,21 Aug 2013,2013-08-21 0:00:00
207,"Love, Tommy",Andrew Roberts,C. Peter Chen,8 Jun 2013,2013-06-08 0:00:00
208,Lucky's Life,Don J. Larson,David Stubblebine,22 Sep 2017,2017-09-22 0:00:00
209,M10 Tank Destroyer vs StuG III Assault Gun: Germany 1944,Steven Zaloga,C. Peter Chen,9 Oct 2013,2013-10-09 0:00:00
210,M3 Medium Tank vs Panzer III,Gordon Rottman,C. Peter Chen,10 Jul 2008,2008-07-10 0:00:00
211,MacArthur,Richard Frank,C. Peter Chen,7 Aug 2012,2012-08-07 0:00:00
212,Marauder Man,Kenneth T. Brown,Thomas Houlihan,24 May 2007,2007-05-24 0:00:00
213,"Marine!: The Life of Chesty Puller, USMC (Ret.)",Burke Davis,David Stubblebine,23 Feb 2013,2013-02-23 0:00:00
214,Masters of the Air,Donald L. Miller,C. Peter Chen,12 Nov 2014,2014-11-12 0:00:00
215,Menzies and Churchill at War,David Day,Morgan Bell,27 Jan 2005,2005-01-27 0:00:00
216,Midway: Dauntless Victory,Peter C. Smith,C. Peter Chen,28 Jun 2008,2008-06-28 0:00:00
217,Ministers at War: Winston Churchill and His War Cabinet,Jonathan Schneer,C. Peter Chen,24 Jun 2019,2019-06-24 0:00:00
218,Missing Sticks,John M. Taylor,Thomas Houlihan,1 Nov 2010,2010-11-01 0:00:00
219,My Father's Secret War: A Memoir,Lucinda Franks,C. Peter Chen,18 May 2016,2016-05-18 0:00:00
220,My Secret War: The World War II Diary of Madeline Beck,Mary Pope Osborne,C. Peter Chen,6 Jul 2016,2016-07-06 0:00:00
221,Native American Code Talker in World War II,Ed Gilbert,C. Peter Chen,24 Apr 2008,2008-04-24 0:00:00
222,Neptune's Inferno: The U.S. Navy at Guadalcanal,James Hornfischer,C. Peter Chen,22 Aug 2011,2011-08-22 0:00:00
223,Never Call Me a Hero,N. Jack Kleiss,C. Peter Chen,8 Oct 2018,2018-10-08 0:00:00
224,Never Give in!,Winston Spencer-Churchill,C. Peter Chen,1 Jun 2016,2016-06-01 0:00:00
225,Night,Elie Wiesel,C. Peter Chen,4 Sep 2010,2010-09-04 0:00:00
226,No Greater Ally,Kenneth K. Koskodan,C. Peter Chen,11 Jun 2009,2009-06-11 0:00:00
227,No Greater Ally,Kenneth Koskodan,John Radzilowski,17 Apr 2012,2012-04-17 0:00:00
228,No Ordinary Joes,Larry Colton,C. Peter Chen,25 Jun 2011,2011-06-25 0:00:00
229,"No Simple Victory: World War II in Europe, 1939-1945",Norman Davies,C. Peter Chen,1 Jan 2014,2014-01-01 0:00:00
230,Normandy: A Graphic History of D-Day,Wayne Vansant,C. Peter Chen,3 Nov 2012,2012-11-03 0:00:00
231,Odyssey of a Philippine Scout,Arthur Kendall Whitehead,Thomas Houlihan,22 May 2006,2006-05-22 0:00:00
232,Omaha Beach and Beyond,John Robert Slaughter,C. Peter Chen,16 Apr 2010,2010-04-16 0:00:00
233,On Desperate Ground,James R. Benn,C. Peter Chen,13 Jan 2016,2016-01-13 0:00:00
234,Once I had a Comrade,R. W. Byrd,Dan K.,12 Jun 2008,2008-06-12 0:00:00
235,Operation Barbarossa,Robert Kirchubel,Andrew Nguyen,9 Sep 2016,2016-09-09 0:00:00
236,Operation Barbarossa 1941,Robert Kirchubel,Andrew Nguyen,29 Aug 2009,2009-08-29 0:00:00
237,Operation Mincemeat,Ben Macintyre,C. Peter Chen,24 Oct 2011,2011-10-24 0:00:00
238,Operation Paperclip,Annie Jacobsen,C. Peter Chen,29 Oct 2014,2014-10-29 0:00:00
239,Operation Storm,John Geoghegan,C. Peter Chen,30 Aug 2013,2013-08-30 0:00:00
240,"Operatives, Spies, and Saboteurs",Patrick K. O'Donnell,C. Peter Chen,3 Jun 2015,2015-06-03 0:00:00
241,Ostfront: Hitler's War on Russia 1941-1945,Charles Winchester,Thomas Houlihan,10 Mar 2007,2007-03-10 0:00:00
242,Overlord: The D-Day Landings,Ken Ford and Steven J. Zaloga,C. Peter Chen,27 Feb 2009,2009-02-27 0:00:00
243,P-40 Warhawk vs Ki-43 Oscar,Carl Molesworth,C. Peter Chen,26 May 2008,2008-05-26 0:00:00
244,Panther vs. Sherman: Battle of the Bulge 1944,Steven J. Zaloga,Thomas Houlihan,21 Sep 2009,2009-09-21 0:00:00
245,Panzer Divisions: The Eastern Front 1941-43,Pier Paolo Battistelli,Thomas Houlihan,22 Sep 2009,2009-09-22 0:00:00
246,Panzer III vs Somua S 35,Steven J. Zaloga,Andrew Nguyen,3 Nov 2015,2015-11-03 0:00:00
247,Parachute Infantry,David Kenyon Webster,Bryan Hiatt,13 Feb 2005,2005-02-13 0:00:00
248,Patton,Alan Axelrod,C. Peter Chen,18 Jan 2011,2011-01-18 0:00:00
249,"Patton, Montgomery, Rommel: Masters of War",Terry Brighton,C. Peter Chen,10 Apr 2010,2010-04-10 0:00:00
250,Pearl Harbor *,,Randy Stone,Summer 2003,
251,Pearl Harbor 1941: The Day of Infamy *,,Andrew Nguyen,23 Jul 2009,
252,"Pearl Harbor Christmas: A World at War, December 1941",Stanley Weintraub,C. Peter Chen,29 Jan 2014,2014-01-29 0:00:00
253,"Pearl Harbor Ghosts: The Legacy of December 7, 1941",Thurston Clarke,David Stubblebine,20 Aug 2017,2017-08-20 0:00:00
254,Pearl Harbor: FDR Leads the Nation Into War,Steven Gillon,C. Peter Chen,3 Jul 2013,2013-07-03 0:00:00
255,Pearl Harbor: From Infamy to Greatness,Craig Nelson,C. Peter Chen,18 Jun 2018,2018-06-18 0:00:00
256,"Perilous Moon: Occupied France, 1944-The End Game",Stuart Nimmo,C. Peter Chen,2 Jun 2013,2013-06-02 0:00:00
257,Picture History of WWII,ED. Henry R. Luce,Bryan Hiatt,4 Oct 2005,2005-10-04 0:00:00
258,PPG-2266: A Surgeon's War,Nikolai Amosoff,Dan K.,11 May 2008,2008-05-11 0:00:00
259,"Prague Winter: A Personal Story of Remembrance and War, 1937-1948",Madeleine Albright,C. Peter Chen,17 Jul 2013,2013-07-17 0:00:00
260,Princes at War,Deborah Cadbury,C. Peter Chen,23 Sep 2015,2015-09-23 0:00:00
261,Prisoner of War in Germany,Peter Doyle,C. Peter Chen,9 Feb 2009,2009-02-09 0:00:00
262,Proud Echo,Ronald McKie,Dan K.,27 Aug 2008,2008-08-27 0:00:00
263,PT 109,William Doyle,C. Peter Chen,28 Dec 2016,2016-12-28 0:00:00
264,Recon Scout,Fred H. Salter,Thomas Houlihan,24 Jul 2008,2008-07-24 0:00:00
265,Red Christmas: The Tatsinskaya Airfield Raid 1942,Robert Forczyk,Dan K.,29 Nov 2013,2013-11-29 0:00:00
266,Remembering Sam,David Everitt,C. Peter Chen,1 Dec 2008,2008-12-01 0:00:00
267,Reminiscences,Douglas MacArthur,C. Peter Chen,31 Aug 2006,2006-08-31 0:00:00
268,Requiem for Battleship Yamato,Mitsuru Yoshida,C. Peter Chen,26 Feb 2006,2006-02-26 0:00:00
269,Rescuing Mussolini: Gran Sasso 1943,Robert Forczyk,C. Peter Chen,5 May 2010,2010-05-05 0:00:00
270,Resistance: A Frenchwoman's Journal of the War,AgnÃ¨s Humbert,C. Peter Chen,23 Jun 2010,2010-06-23 0:00:00
271,"Retribution: The Battle for Japan, 1944-45",Max Hastings,C. Peter Chen,14 Feb 2011,2011-02-14 0:00:00
272,Roosevelt's Centurions,Joseph Persico,C. Peter Chen,31 Oct 2018,2018-10-31 0:00:00
273,Salerno 1943: The Allies invade southern Italy,Angus Konstam,Andrew Nguyen,7 Aug 2013,2013-08-07 0:00:00
274,Santa Cruz 1942: Carrier duel in the South Pacific,Mark Stille,Andrew Nguyen,13 Mar 2013,2013-03-13 0:00:00
275,Savage Continent: Europe in the Aftermath of World War II,Keith Lowe,C. Peter Chen,22 Aug 2018,2018-08-22 0:00:00
276,Saving Italy: The Race to Rescue a Nation's Treasures from the Nazis,Robert M. Edsel,C. Peter Chen,4 Jan 2017,2017-01-04 0:00:00
277,Sea of Thunder,Evan Thomas,C. Peter Chen,7 Mar 2011,2011-03-07 0:00:00
278,Seafire vs. A6M Zero: Pacific Theater,Donald Nijboer,C. Peter Chen,27 Dec 2009,2009-12-27 0:00:00
279,"Seizing the Enigma: The Race to Break the German U-Boats Codes, 1939-1943",David Kahn,C. Peter Chen,18 Nov 2015,2015-11-18 0:00:00
280,Servants of Evil,Bob Carruthers,Dan K.,26 Jun 2008,2008-06-26 0:00:00
281,Sevastopol 1942,Robert Forczyk,C. Peter Chen,3 Feb 2008,2008-02-03 0:00:00
282,Seven Days in January,Wolf T. Zoepf,Thomas Houlihan,28 Apr 2007,2007-04-28 0:00:00
283,Shadow Divers,Robert Kurson,C. Peter Chen,9 Jan 2012,2012-01-09 0:00:00
284,Shadows in the Jungle,Larry Alexander,C. Peter Chen,28 Nov 2010,2010-11-28 0:00:00
285,Shanghai 1937: Stalingrad on the Yangtze,Peter Harmsen,Andrew Nguyen,27 May 2015,2015-05-27 0:00:00
286,Shattered Sword,Jonathan Parshall and Anthony Tully,,2 Dec 2005,2005-12-02 0:00:00
287,She Flew Bombers: From the Factories to the Bases During World War II,Jeane Slone,David Stubblebine,6 Jan 2017,2017-01-06 0:00:00
288,Sherman Firefly,David Fletcher,C. Peter Chen,16 Mar 2008,2008-03-16 0:00:00
289,Ship of Ghosts,James Hornfischer,C. Peter Chen,26 Aug 2010,2010-08-26 0:00:00
290,ShipCraft #9: Kongo Class Battle Cruisers *,,Quinn Bracken,Jan 2009,
291,Shot Down,Steve Snyder,C. Peter Chen,25 Dec 2015,2015-12-25 0:00:00
292,Six Armies in Normandy: From D-Day to the Liberation of Paris,John Keegan,C. Peter Chen,20 May 2015,2015-05-20 0:00:00
293,Six Months in 1945,Michael Dobbs,C. Peter Chen,14 Dec 2016,2016-12-14 0:00:00
294,Skorzeny's Special Missions,Otto Skorzeny,C. Peter Chen,4 Jul 2011,2011-07-04 0:00:00
295,Slaughterhouse 5,Kurt Vonnegut,Bryan Hiatt,31 Jan 2005,2005-01-31 0:00:00
296,Slaughterhouse Five,Kurt Vonnegut,C. Peter Chen,13 Sep 2017,2017-09-13 0:00:00
297,Slaughterhouse: The Handbook of the Eastern Front,"David Glantz, et. al.",Thomas Houlihan,11 Nov 2005,2005-11-11 0:00:00
298,Sledgehammers,Christopher W. Wilbeck,Thomas Houlihan,5 Apr 2007,2007-04-05 0:00:00
299,"SMERSH: Stalin's Secret Weapon, Soviet Military Counterintelligence in WWII",Vadim Birstein,C. Peter Chen,1 Jan 2013,2013-01-01 0:00:00
300,SOE Agent,Terry Crowdy,C. Peter Chen,19 Jan 2009,2009-01-19 0:00:00
301,Soldier in the Downfall,Rudolf-Christoph von Gersdorff,Dan K.,16 Oct 2012,2012-10-16 0:00:00
302,Soldiers and Slaves,Roger Cohen,C. Peter Chen,17 Oct 2010,2010-10-17 0:00:00
303,Sons and Soldiers,Bruce Henderson,C. Peter Chen,13 Jun 2018,2018-06-13 0:00:00
304,Soviet Submachine Guns of World War II,Chris NcNab,C. Peter Chen,20 Jun 2014,2014-06-20 0:00:00
305,Spearhead for Blitzkrieg,Paul Deichmann,C. Peter Chen,6 Mar 2007,2007-03-06 0:00:00
306,Special Forces Sniper Skills,Robert Stirling,C. Peter Chen,13 Sep 2013,2013-09-13 0:00:00
307,Special Ops 1939-1945,Stephen Bull,C. Peter Chen,15 Oct 2009,2009-10-15 0:00:00
308,Spirit of Resistance,Nigel Perrin,C. Peter Chen,27 Sep 2009,2009-09-27 0:00:00
309,SS-WIKING: The History of the Fifth SS Division 1941-45,Rupert Butler,Thomas Houlihan,13 Mar 2007,2007-03-13 0:00:00
310,Steeds of Steel,Harry Yeide,C. Peter Chen,22 May 2008,2008-05-22 0:00:00
311,Swashbucklers and Black Sheep,Bruce Gamble,C. Peter Chen,1 Aug 2014,2014-08-01 0:00:00
312,Tales from a Tin Can,Michael Olson,Jimmy Lebel,25 Sep 2010,2010-09-25 0:00:00
313,Target: Rabaul,Bruce Gamble,C. Peter Chen,19 Feb 2014,2014-02-19 0:00:00
314,Tears in the Darkness,Michael Norman and Elizabeth Norman,C. Peter Chen,18 Jul 2011,2011-07-18 0:00:00
315,Teddy Bears and Doodlebugs,Jacqueline Hollings,C. Peter Chen,10 Oct 2010,2010-10-10 0:00:00
316,"Teddy Suhren, Ace of Aces, Memoirs of a U-Boat Rebel",Teddy Suhren & Fritz Brustat-Naval,Dan K.,15 Apr 2008,2008-04-15 0:00:00
317,The All Americans in World War II,Phil Nordyke,Bryan Hiatt,18 Dec 2011,2011-12-18 0:00:00
318,The American Aircraft Factory in WWII,Bill Yenne,C. Peter Chen,13 Nov 2011,2011-11-13 0:00:00
319,The Arms of Krupp,William Manchester,C. Peter Chen,3 Feb 2007,2007-02-03 0:00:00
320,The Battle for the Rhine,Robin Neillands,C. Peter Chen,10 Dec 2014,2014-12-10 0:00:00
321,The Battle of Britain,Kate Moore,C. Peter Chen,1 Jul 2010,2010-07-01 0:00:00
322,"The Battle of France, 1940",Philip Warner,Andrew Nguyen,12 Sep 2009,2009-09-12 0:00:00
323,The Battle of Kursk,David M. Glantz & Jonathan M. House,Andrew Nguyen,26 Sep 2009,2009-09-26 0:00:00
324,The Battle of the Bulge,Wayne Vansant,C. Peter Chen,14 Jan 2015,2015-01-14 0:00:00
325,The Black-Out Book,Evelyn August (Muriel and Sydney Box),C. Peter Chen,3 Mar 2010,2010-03-03 0:00:00
326,The Book Thief,Markus Zusak,C. Peter Chen,14 May 2014,2014-05-14 0:00:00
327,The Boys of Pointe du Hoc,Douglas Brinkley,C. Peter Chen,22 Jul 2015,2015-07-22 0:00:00
328,The Bren Gun,Neil Grant,C. Peter Chen,5 Mar 2014,2014-03-05 0:00:00
329,The British Fleet Air Arm in World War II,Mark Barber,C. Peter Chen,3 Jul 2008,2008-07-03 0:00:00
330,The British Soldier of the Second World War,Peter Doyle,C. Peter Chen,3 Jun 2010,2010-06-03 0:00:00
331,The Burma Campaign: Disaster into Triumph 1942-45,Frank McLynn,C. Peter Chen,25 Feb 2012,2012-02-25 0:00:00
332,The Coldest Winter: America and the Korean War,David Halberstam,C. Peter Chen,9 Sep 2015,2015-09-09 0:00:00
333,The Color of War,James Campbell,C. Peter Chen,14 Jul 2012,2012-07-14 0:00:00
334,The Conquerors,Michael Beschloss,Morgan Bell,19 Jan 2005,2005-01-19 0:00:00
335,The Day of Battle,Rick Atkinson,C. Peter Chen,18 Apr 2011,2011-04-18 0:00:00
336,The Diary of a Young Girl,Anne Frank,C. Peter Chen,4 Nov 2015,2015-11-04 0:00:00
337,The Divine Wind,Rikihei Inoguchi and Tadashi Nakajima,C. Peter Chen,16 Nov 2006,2006-11-16 0:00:00
338,The Dnepr 1943: Hitler's Eastern Rampart Crumbles,Robert Forczyk,Andrew Nguyen,17 Aug 2016,2016-08-17 0:00:00
339,The Doodlebugs: The Story of the Flying Bombs,Norman Longmate,Morgan Bell,19 Jan 2005,2005-01-19 0:00:00
340,The Eagle Has Landed,Jack Higgins,C. Peter Chen,23 Mar 2005,2005-03-23 0:00:00
341,The Eichmann Trial,Deborah Lipstadt,C. Peter Chen,2 Apr 2014,2014-04-02 0:00:00
342,The Encyclopedia of Infantry Weapons of World War II,Ian V. Hogg,C. Peter Chen,15 Oct 2014,2014-10-15 0:00:00
343,The Envoy,Alex Kershaw,C. Peter Chen,20 Jun 2011,2011-06-20 0:00:00
344,The Eternal Nazi,Nicholas Kulish and Souad Mekhennet,C. Peter Chen,9 Mar 2016,2016-03-09 0:00:00
345,The Fall of Berlin,Anthony Read and David Fisher,C. Peter Chen,22 Feb 2006,2006-02-22 0:00:00
346,The Fall of Hitler's Fortress City,Isabel Denny,C. Peter Chen,3 May 2007,2007-05-03 0:00:00
347,The Fall of the Philippines 1941-42,Clayton Chun,C. Peter Chen,29 May 2012,2012-05-29 0:00:00
348,The Few,Alex Kershaw,C. Peter Chen,11 Jan 2011,2011-01-11 0:00:00
349,The Final Crisis,Richard Engler,Thomas Houlihan,21 Apr 2007,2007-04-21 0:00:00
350,The First Heroes,Craig Nelson,C. Peter Chen,26 Nov 2014,2014-11-26 0:00:00
351,The Forgotten 500,Gregory Freeman,C. Peter Chen,1 Nov 2013,2013-11-01 0:00:00
352,The Forgotten Soldier,Guy Sajer,Bryan Hiatt,25 Sep 2005,2005-09-25 0:00:00
353,The FÃ¼hrer's Headquarters,Neil Short,C. Peter Chen,20 Nov 2011,2011-11-20 0:00:00
354,The Generals: American Military Command from World War II to Today,Thomas Ricks,C. Peter Chen,10 Dec 2013,2013-12-10 0:00:00
355,The German Aces Speak,Colin Heaton and Anne-Marie Lewis,C. Peter Chen,24 Mar 2012,2012-03-24 0:00:00
356,The Germans in Normandy,Richard Hargreaves,Thomas Houlihan,6 Jun 2007,2007-06-06 0:00:00
357,The Gestapo: A History of Hitler's Secret Police 1933-45,Rupert Butler,Thomas Houlihan,16 Mar 2007,2007-03-16 0:00:00
358,The Golden Horseshoe,Terence Robertson,Dan K.,4 May 2008,2008-05-04 0:00:00
359,The Great Raid,William Breuer,C. Peter Chen,26 Mar 2014,2014-03-26 0:00:00
360,The Greatest Battle,Andrew Nagorski,C. Peter Chen,28 Nov 2007,2007-11-28 0:00:00
361,The Greatest Generation,Tom Brokaw,C. Peter Chen,16 May 2011,2011-05-16 0:00:00
362,The Greatest Generation,Tom Brokaw,David Stubblebine,15 May 2011,2011-05-15 0:00:00
363,The Greatest Generation Speaks,Tom Brokaw,C. Peter Chen,11 Apr 2015,2015-04-11 0:00:00
364,The Greatest U.S. Marine Corps Stories Ever Told,Iain Martin,C. Peter Chen,11 Jan 2008,2008-01-11 0:00:00
365,The Greatest U.S. Marine Corps Stories Ever Told,Iain Martin,Thomas Houlihan,30 Sep 2010,2010-09-30 0:00:00
366,The Guns at Last Light,Rick Atkinson,C. Peter Chen,6 Aug 2014,2014-08-06 0:00:00
367,The Hare with Amber Eyes: A Hidden Inheritance,Edmund de Waal,C. Peter Chen,27 Apr 2016,2016-04-27 0:00:00
368,The Hiding Place,Corrie Ten Boom with John and Elizabeth Sherrill,C. Peter Chen,5 Jun 2012,2012-06-05 0:00:00
369,The Hitler Book,Henrik Eberle and Matthias Uhl,C. Peter Chen,9 Aug 2010,2010-08-09 0:00:00
370,The Home Guard,Neil R. Storey,C. Peter Chen,16 Oct 2010,2010-10-16 0:00:00
371,The Indestructible Man,Don Keith and David Rocco,David Stubblebine,21 Aug 2019,2019-08-21 0:00:00
372,The Irregulars: Roald Dahl and the British Spy Ring in Wartime Washington,Jennet Conant,C. Peter Chen,7 May 2014,2014-05-07 0:00:00
373,The Last Battle,Stephen Harding,C. Peter Chen,28 May 2014,2014-05-28 0:00:00
374,The Last Battle,Cornelius Ryan,C. Peter Chen,13 Aug 2014,2014-08-13 0:00:00
375,The Last Goodnight,Howard Blum,C. Peter Chen,5 Apr 2017,2017-04-05 0:00:00
376,"The Last Lion: Alone, 1932-1940",William Manchester,C. Peter Chen,4 Aug 2006,2006-08-04 0:00:00
377,"The Last Lion: Defender of the Realm, 1940-1965",William Manchester and Paul Reid,C. Peter Chen,24 Sep 2013,2013-09-24 0:00:00
378,The Last Stand of the Tin Can Sailors,James Hornfischer,C. Peter Chen,29 Dec 2004,2004-12-29 0:00:00
379,The Last Train from Hiroshima,Charles Pellegrino,C. Peter Chen,21 Feb 2010,2010-02-21 0:00:00
380,The Laughing Cow: A U-Boat Captain's Story,Jost Metzler,Dan K.,14 Nov 2012,2012-11-14 0:00:00
381,The Lions of Iwo Jima,Fred Haynes and James Warren,C. Peter Chen,15 May 2013,2013-05-15 0:00:00
382,The Man Who Broke Into Auschwitz,Denis Avey and Rob Broomby,C. Peter Chen,7 Oct 2015,2015-10-07 0:00:00
383,The Man Who Never Was,Ewen Montagu,David Stubblebine,14 Aug 2009,2009-08-14 0:00:00
384,The Mathews Men: Seven Brothers and the War Against Hitler's U-boats,William Geroux,C. Peter Chen,9 Mar 2018,2018-03-09 0:00:00
385,The Monuments Men,Robert M. Edsel with Bret Witter,David Stubblebine,22 Apr 2014,2014-04-22 0:00:00
386,The Monuments Men,Robert M. Edsel with Bret Witter,C. Peter Chen,23 Jul 2014,2014-07-23 0:00:00
387,The Most Dangerous Enemy,Stephen Bungay,C. Peter Chen,21 Nov 2010,2010-11-21 0:00:00
388,The Myth of the Eastern Front,Ronald Smelser and Edward J. Davies II,Thomas Houlihan,2 Aug 2008,2008-08-02 0:00:00
389,The Nazi Conscience,Claudia Koonz,Thomas Houlihan,9 Mar 2007,2007-03-09 0:00:00
390,The Night of the Long Knives,Paul Maracin,,8 Sep 2006,2006-09-08 0:00:00
391,The One Man,Andrew Gross,C. Peter Chen,29 Apr 2019,2019-04-29 0:00:00
392,The Pacific,Hugh Ambrose,C. Peter Chen,31 Oct 2011,2011-10-31 0:00:00
393,The Pacific Campaign,Dan van der Vat,C. Peter Chen,28 Jun 2005,2005-06-28 0:00:00
394,The Pacific War: From Pearl Harbor to Hiroshima,Daniel Marston,C. Peter Chen,29 Mar 2010,2010-03-29 0:00:00
395,The Pacific War: From Pearl Harbor to Hiroshima,Daniel Marston,Jimmy Lebel,26 Feb 2011,2011-02-26 0:00:00
396,The Pope and Mussolini,David Kertzer,C. Peter Chen,10 Sep 2014,2014-09-10 0:00:00
397,The Port Chicago 50,Steve Sheinkin,C. Peter Chen,4 May 2016,2016-05-04 0:00:00
398,The Rape of Nanking,Iris Chang,C. Peter Chen,31 Jul 2012,2012-07-31 0:00:00
399,The Rice Paddy Navy: U.S. Sailors Undercover in China,Linda Kush,C. Peter Chen,9 Jan 2015,2015-01-09 0:00:00
400,The Rise and Fall of the Third Reich,William Shirer,Bryan Hiatt,28 Dec 2007,2007-12-28 0:00:00
401,The Rise and Fall of the Third Reich,William Shirer,C. Peter Chen,23 Jan 2012,2012-01-23 0:00:00
402,The Royal Hungarian Army in World War II,Nigel Thomas and Laszlo Pal Szabo,C. Peter Chen,11 Dec 2008,2008-12-11 0:00:00
403,The Secret Holocaust Diaries: The Untold Story of Nonna Bannister,"Nonna Bannister, Carolyn Tomlin, Denise George",C. Peter Chen,8 Jun 2016,2016-06-08 0:00:00
404,The Secret of D-Day,Gilles Perrault,David Stubblebine,31 Jul 2013,2013-07-31 0:00:00
405,The Secret War Against Hitler,William Casey,C. Peter Chen,6 May 2015,2015-05-06 0:00:00
406,The Stalin and Molotov Lines: Soviet Western Defences 1928-41,Neil Short,C. Peter Chen,14 Jul 2014,2014-07-14 0:00:00
407,The Star of Africa: The Story of Hans Marseille,Colin Heaton and Anne-Marie Lewis,C. Peter Chen,25 Feb 2013,2013-02-25 0:00:00
408,The Storm of War: A New History of the Second World War,Andrew Roberts,C. Peter Chen,22 Jan 2013,2013-01-22 0:00:00
409,The Struggle for Guadalcanal,Samuel Eliot Morison,C. Peter Chen,23 Mar 2006,2006-03-23 0:00:00
410,"The Swift and Deadly, Imperial Japanese Navy ... *",,,Mar 1998,
411,The True German: The Diary of a World War II Military Judge,Werner Otto MÃ¼ller-Hill,C. Peter Chen,5 Nov 2013,2013-11-05 0:00:00
412,The Twilight Warriors,Robert Gandt,C. Peter Chen,21 May 2011,2011-05-21 0:00:00
413,The U-Boat War in the Caribbean,Gaylord T. M. Kelshall,David Stubblebine,5 Aug 2015,2015-08-05 0:00:00
414,The US Home Front 1941-45,Alejandro de Quesada,C. Peter Chen,26 Feb 2008,2008-02-26 0:00:00
415,The Volga Rises in Europe,Curzio Malaparte,Dan K.,8 Jun 2008,2008-06-08 0:00:00
416,The War Below: The Story of Three Submarines That Battled Japan,James Scott,C. Peter Chen,18 Mar 2015,2015-03-18 0:00:00
417,"The War: An Intimate History, 1941-1945",Geoffrey C. Ward and Ken Burns,C. Peter Chen,25 Jul 2010,2010-07-25 0:00:00
418,The West Point Atlas of War: World War II: The Pacific,Vincent J. Esposito,C. Peter Chen,16 Jan 2010,2010-01-16 0:00:00
419,The White Rose of Stalingrad,Billy Yenne,Dan K.,19 Nov 2013,2013-11-19 0:00:00
420,The Zookeeper's Wife: A War Story,Diane Ackerman,C. Peter Chen,18 Sep 2010,2010-09-18 0:00:00
421,There Stood a Soldier,Prit S. Buttar,Thomas Houlihan,11 Nov 2010,2010-11-11 0:00:00
422,Thirty Seconds Over Tokyo,Ted W. Lawson,C. Peter Chen,5 Nov 2005,2005-11-05 0:00:00
423,Those Angry Days,Lynne Olson,C. Peter Chen,4 Apr 2014,2014-04-04 0:00:00
424,Tiger Tank: Owners' Workshop Manual,David Fletcher,C. Peter Chen,15 Nov 2013,2013-11-15 0:00:00
425,Tin Can Man,E. J. Jernigan,C. Peter Chen,7 May 2011,2011-05-07 0:00:00
426,To D-Day and Back,Bob Bearden,C. Peter Chen,8 Oct 2007,2007-10-08 0:00:00
427,To D-Day and Back,Bob Beardon,Bryan Hiatt,24 Dec 2011,2011-12-24 0:00:00
428,To Hell and Back,Audie Murphy,C. Peter Chen,15 Feb 2017,2017-02-15 0:00:00
429,To Kingdom Come,Robert J. Mrazek,C. Peter Chen,11 Jun 2011,2011-06-11 0:00:00
430,To Lose a Battle: France 1940,Alistair Horne,Andrew Nguyen,19 Sep 2009,2009-09-19 0:00:00
431,To the Gates of Stalingrad,David M. Glantz & Jonathan M. House,Andrew Nguyen,30 Sep 2009,2009-09-30 0:00:00
432,Tonight We Die as Men,Ian Gardner and Roger Day,C. Peter Chen,15 Apr 2009,2009-04-15 0:00:00
433,Traitor to His Class,H. W. Brands,C. Peter Chen,10 Jul 2012,2012-07-10 0:00:00
434,Truman,David McCullough,C. Peter Chen,7 Nov 2010,2010-11-07 0:00:00
435,Twelve Desperate Miles,Tim Brady,C. Peter Chen,19 Nov 2014,2014-11-19 0:00:00
436,"Two Americans: Truman, Eisenhower and a Dangerous World",William Lee Miller,C. Peter Chen,9 Apr 2014,2014-04-09 0:00:00
437,"Two Americans: Truman, Eisenhower and a Dangerous World",William Lee Miller,C. Peter Chen,3 May 2017,2017-05-03 0:00:00
438,U-Boat Adventures,Melanie Wiggins,Dan K.,10 Nov 2012,2012-11-10 0:00:00
439,Unbroken,Laura Hillenbrand,C. Peter Chen,11 Dec 2012,2012-12-11 0:00:00
440,Undefeated: America's Heroic Fight for Bataan and Corregidor,Bill Sloan,C. Peter Chen,28 Jun 2012,2012-06-28 0:00:00
441,US Navy Aircraft Carriers 1922-45,Mark Stille,Andrew Nguyen,3 Oct 2009,2009-10-03 0:00:00
442,US Navy Aircraft Carriers 1942-45,Mark Stille,Andrew Nguyen,8 Oct 2009,2009-10-08 0:00:00
443,US Navy War Photographs,Edward Steichen,David Stubblebine,24 Mar 2009,2009-03-24 0:00:00
444,US Patrol Torpedo Boats,Gordon L. Rottman,C. Peter Chen,22 Dec 2008,2008-12-22 0:00:00
445,USS Cassin Young (DD-793): A Fletcher Class Destroyer,J. Scott Harmon,Andrew Nguyen,18 Jun 2013,2013-06-18 0:00:00
446,Valkyrie,Philip von Boeselager,C. Peter Chen,15 Jan 2014,2014-01-15 0:00:00
447,Vanguard of the Crusade,Mark Bando,Thomas Houlihan,14 Apr 2007,2007-04-14 0:00:00
448,VF-11/111 'Sundowners' 1942-95,Barrett Tillman with Henk van der Lugt,David Stubblebine,11 Jun 2014,2014-06-11 0:00:00
449,Vinegar Joe's War,Nathan N. Prefer,C. Peter Chen,21 Nov 2005,2005-11-21 0:00:00
450,"Voices of Valor: D-Day, June 6, 1944",Douglas Brinkley and Ronald Drez,C. Peter Chen,24 Jul 2013,2013-07-24 0:00:00
451,Waffen-SS: Hitler's Elite Guard at War 1939-1945,George H. Stein,Thomas Houlihan,8 Mar 2007,2007-03-08 0:00:00
452,Walking Away From the Reich,Claus Sellier,Dan K.,1 Apr 2008,2008-04-01 0:00:00
453,War Beneath the Waves,Don Keith,C. Peter Chen,30 Jun 2010,2010-06-30 0:00:00
454,War in Pacific Skies,Charlie and Ann Cooper,C. Peter Chen,12 Mar 2011,2011-03-12 0:00:00
455,War in the Pacific,Richard Overy,C. Peter Chen,12 Apr 2010,2010-04-12 0:00:00
456,Warpath Across the Pacific,Lawrence J. Hickey,David Stubblebine,10 Apr 2012,2012-04-10 0:00:00
457,Warship 2009,Anthony Preston,C. Peter Chen,12 Oct 2009,2009-10-12 0:00:00
458,Warship 2011,John Jordan,C. Peter Chen,24 Aug 2011,2011-08-24 0:00:00
459,Warship 2013,John Jordan,C. Peter Chen,15 Oct 2013,2013-10-15 0:00:00
460,Warship Pictorial #13: IJN Kongo Class Battle... *,,Quinn Bracken,Summer 2002,
461,Warship Pictorial #17: IJN Myoko Class Cruise... *,,Quinn Bracken,Summer 2002,
462,Warship Pictorial #25: IJN Yamato Class Battl... *,,Quinn Bracken,Spring 2004,
463,Wartime,Paul Fussell,Bryan Hiatt,21 Aug 2005,2005-08-21 0:00:00
464,Washington Goes to War,David Brinkley,C. Peter Chen,9 Mar 2008,2008-03-09 0:00:00
465,We Came to Fight a War,Jack Flynn,Dan K.,15 Apr 2010,2010-04-15 0:00:00
466,When the Emperor Was Divine,Julie Otsuka,C. Peter Chen,16 Apr 2014,2014-04-16 0:00:00
467,When Titans Clashed,David M. Glantz and Jonathan M. House,Andrew Nguyen,22 Jun 2016,2016-06-22 0:00:00
468,Whirlwind: The Air War Against Japan 1942-1945,Barrett Tillman,C. Peter Chen,9 May 2010,2010-05-09 0:00:00
469,White Mammoths,Alexander Poliakov,Dan K.,9 Jan 2010,2010-01-09 0:00:00
470,With the Old Breed: At Peleliu and Okinawa,Eugene B. Sledge,Bryan Hiatt,25 Jul 2005,2005-07-25 0:00:00
471,With the Old Breed: At Peleliu and Okinawa,Eugene B. Sledge,Jimmy Lebel,5 Nov 2010,2010-11-05 0:00:00
472,With Wings Like Eagles,Michael Korda,C. Peter Chen,21 Oct 2015,2015-10-21 0:00:00
473,World War II Airmen,Various,C. Peter Chen,16 Dec 2015,2015-12-16 0:00:00
474,World War II Axis Booby Traps and Sabotage Tactics,Gordon Rottman,C. Peter Chen,18 Aug 2009,2009-08-18 0:00:00
475,World War II Japanese Tank Tactics,Gordon Rottman and Akira Takizawa,C. Peter Chen,20 Mar 2009,2009-03-20 0:00:00
476,World War II US Cavalry Units: Pacific Theater,Gordon L. Rottman,C. Peter Chen,27 Oct 2009,2009-10-27 0:00:00
477,World War II Wrecks of the Truk Lagoon *,,,Mar 2001,
478,WWII Memorial: Jewel of the Mall,Stephen Brown,Bryan Hiatt,3 Sep 2008,2008-09-03 0:00:00
479,Yang Dapeng: Remembrance of a Martyr in Nanjing 1937,Shu-Chin Yang,C. Peter Chen,9 Feb 2018,2018-02-09 0:00:00
480,Year Zero: A History of 1945,Ian Buruma,C. Peter Chen,15 Dec 2017,2017-12-15 0:00:00
481,Young Stalin,Simon Sebag Montefiore,C. Peter Chen,23 May 2011,2011-05-23 0:00:00
482,Zhukov at the Oder,Tony Le Tissier,Andrew Nguyen,13 Jul 2016,2016-07-13 0:00:00
483,"11 Days in December: Christmas at the Bulge, 1944",Stanley Weintraub,C. Peter Chen,11 Feb 2015,2015-02-11 0:00:00